num,yado,yomi,seikaku,tekisyoku,okane,kenkou,renai,kaiunn,sub_seikaku,sub_tekisyoku,sub_okane,sub_kenkou,sub_renai,sub_kaiunn
1,角宿,かくしゅく,外見はオシャレ上手で華やかさを持っている人です。そして、内面は永遠に純粋な少女の心を持ち続けます。「角」の字は、かど、すみ、つの　といった、緻密で頭の回転が早いことを意味します。神経質な面が出すぎたり、感じたりすると、厳しく叱りつけるなど、あれやこれやうるさく言いすぎる面があるようです。しかし、楽しい事が大好きで趣味も豊富、手先も器用な持ち主。目上の人から可愛がられ、年下には慕われる人気運があります。持って生まれた器用な面を活かしながら、エネルギッシュに行動しましょう。そして、何かの技を磨くことで運が開けていくタイプです。,奉仕の精神があり、与えられた仕事を勤勉にこなす実務能力に長けています。また、社交的な美的センスとバランス感覚があるので、交渉を必要とする分野の仕事に向いています。「ビジネス運」を持つあなたは、美的感覚が優れているので、ファッション業界・美容業界・芸術分野に適性があります。そつのない社交性を活かし、外交分野・司法関係・娯楽関係も吉。,遊び好きなあなたですが、持ち前の財運のおかげで、散財に明け暮れることはめったにありません。しかし、お金が入るなり使ってしまうだけでは運気もダウンしがち。また、社交的ですが、見た目で人や物事を判断してしまう傾向があるので、フラットな考えをもつ人物との交流がふさわしいです。そうすると、相手の考えが尊重でき試練も乗り越えながら、さらなる金運アップが望めるでしょう。,頭や顔にまつわるケガに注意。風邪や肝臓機能の低下など、免疫力不足が引き起こす病気には用心。気疲れからくる神経性胃腸炎・自律神経失調症・ストレス発散の過食が肥満体質になって生活習慣病を招くことにも。また、腰痛に悩まされる事もあります。,洗練された立ち居振る舞いを身につけているあなたは、自分の魅力を理解しているので、気のある異性の心をさりげない素振りで引き付けることができます。そして駆け引きも上手です。しかし、ムードや誘惑に弱く「楽しくなければ恋愛じゃない」と、次から次へと相手を変えて、表面的な関係しか築けないことも。見返りを求めず相手のために尽くすことを心がけて。そうすれば何倍にもなって愛の恩恵が返ってくるでしょう。また、あなたが間違った方向に進んだとき、きちんと叱ってくれる相手を選びましょう。,美容と健康に目を向けること。そして、持ち前のあたたかく包み込む大らかさをアピールしましょう。自分の存在価値を意識して、美と健康を探求する心を持つと、人生の価値観が見いだせるはず。そして、周囲を明るく照らすムードメーカーに徹すると、いつしかあなたをバックアップしてくれる人があらわれます。その結果、運が大きく開花していくことでしょう。,外見はオシャレ上手で華やかさを,奉仕の精神があり、与えられた仕,遊び好きなあなたですが、持ち前,頭や顔にまつわるケガに注意。風,洗練された立ち居振る舞いを身に,美容と健康に目を向けること。そ
2,亢宿,こうしゅく,正義感が強く、主義を押し通す強情さと共に、軽やかな立ち振る舞いで都会的センスが光る社交的な人です。そして、「亢」の字は、あらがう　という意味も込め、権威や権力に抵抗する、反骨精神の旺盛さを表しています。表向きは清廉潔白で品行方正に見えますが、内面は過剰な虚栄心と気取り屋な一面も。しかし、真面目で不正な事が大嫌いな面が強く、公平な判断力と抜群のバランス感覚に長けています。また、統括力とリーダー的資質があり、得意とする調整能力を発揮しながら、人間関係の幅を広げていくことができるでしょう。,バランス感覚に長け社交的なので、人と人の架け橋になる役割があります。交渉を必要とする仕事、自分のセンスを活かしながら美と調和を作り出す分野が向いています。モチベーションも高く、強い「統領運」をもつあなたは、警察関係・裁判官・芸術分野・ジャーナリストに適性があります。その他に、金融関係・経理関係も吉。,金銭面に関しても、抜群の調整力を発揮します。支出入もきちんとおこない金銭の貸し借りにも縁がありません。そしてギャンブルに対してもリスクの高さが気になって、たとえ手を出しても本気にはなりにくいでしょう。ただ、財運は割りとあるのに、活用方法がパターン化しているためお金の運用に長けた人物と交流するのが得策。そうすると、バリエーションが増えて効率的にお金を殖やすことができるでしょう。,免疫力が弱く細菌やウイルスへの耐性があまりないことから、風邪・肝機能・心臓・肺疾患・喘息など呼吸器系に注意しましょう。また、しつこい腰痛や痔、大腸の病気が発症することも。お酒の飲みすぎは体のためになりませんので要注意です。,あなたは、優雅でスマートな恋愛を好む傾向があります。情熱的な恋愛をしたい願望はあるのに、世間体を気にしてしまうことが多いようです。社交的で洗練されたセンスがあり、絶妙なバランス感覚のあなたは、人と人を引き合わせることが得意なので、恋のキューピッド役になることも多いはず。ドロドロした関係や情欲的な恋愛は無縁です。パッションを全面に出して、本命の相手には、本心を打ち明ける勇気をもちましょう。,人と人をつなぐ役に徹すること。そうすることで、あなたの周りには多くの人が集まり、社会的地位も上昇するはず。また、統括的な資質のパワーをポジティブに活用することが秘訣。そのことで、友好的で平和主義の考えが活きてきて、運気上昇の人生に。そして、魅せることを意識してセンスの良さを磨くと、幸運の扉が開かれていくでしょう。,正義感が強く、主義を押し通す強,バランス感覚に長け社交的なので,金銭面に関しても、抜群の調整力,免疫力が弱く細菌やウイルスへの,あなたは、優雅でスマートな恋愛,人と人をつなぐ役に徹すること。
3,氐宿,ていしゅく,表面は穏やかでソフトに見えますが、粘り強さと勝負強さで一旦決めた事はどんな逆境にあっても邁進していく人です。そして、「氐」の字から連想するように、底力があり、バイタリティーに富み、精神的にも肉体的にもエネルギッシュで豪快さがあります。強がりで一本気、そして人情味のある性格なので、相手が裏切る行動をとると、復讐心に燃え執念深いところも。押しが強くハッタリも、利かすけれど、どこか憎めない愛嬌が魅力的でもあります。また、先見の明もあり、野望が強く、決断後の行動はズバ抜けて早いので、必ずや目標を達成するでしょう。,流行と人々のニーズを敏感にキャッチして、美と調和を作り出す感覚に優れています。また、本物志向の審美眼を持ち、各分野のエキスパートになる力が備わっています。「人気運」を持つあなたは、人付き合いのセンスに長け、人脈作りも抜群な能力を発揮するので、ファッション業界・芸術分野・マスコミ業界に適性があります。その他に、外交官・裁判官も吉。,バランス感覚の優れたあなたですが、お金のこととなると、気性の激しさが極端にあらわれます。特にギャンブルとなると、目の色が変わる傾向が。勝負運に恵まれ、引き時もわかっているので、慢心に注意しながら一歩引けるようになれば運気はさらにアップ。他人の意見や批判に耳を貸さないときがあるので、高い地位に就いている人物との交流が幸運のカギ。相手を尊重し、寛容さを身につければ、持っている運が磨かれ金運上昇に繋がります。,身体の強さを過信するあまり、無理してしまうので油断は禁物です。お腹の病気全般として、下痢・便秘・胃潰瘍など、また、血液循環系の心臓病・脳溢血には充分に気をつけましょう。暴飲暴食が肥満症・糖尿病といった引き金にも。女性の場合は、婦人科系の病気になりやすい傾向が。,恋愛に対してとても情熱的なあなたは、ひとたび誰かを愛したらどこまでも一生かけて愛を貫こうとする傾向があります。愛の欲望が強く情熱的なので、一体感を求めるあまり、相手を精神的にも肉体的にも束縛する傾向も。安定よりも刺激を求めるタイプなので、リスキーな恋愛に発展しやすいでしょう。心から尊敬できる相手を選ぶこと。また、一方的に思いを募らせたり、相手を追い込んでしまっては、悲恋を味わうことになるので要注意。,持ち前の交渉術に磨きをかけること。他人の意見に耳を傾け、備わっている能力を高めて審美眼を使いこなしましょう。包括的な視点で相手を尊重すれば、ビジネスセンスに磨きがかかり嬉しいことが目白押しに。そのひとつに、多くの人望を集める確率が高くなり、目上からは引き立てられ、目下からは頼りがいのある存在に。謙虚な心が幸運のカギとなるでしょう。,表面は穏やかでソフトに見えます,流行と人々のニーズを敏感にキャ,バランス感覚の優れたあなたです,身体の強さを過信するあまり、無,恋愛に対してとても情熱的なあな,持ち前の交渉術に磨きをかけるこ
4,房宿,ぼうしゅく,情感豊かな探求心と洞察力があり、どことなく高貴な気品が漂う人です。そして、「房」の字から連想する人体の「心房」の部屋のように、むやみに心を開かない無口な人が多く、奥深い面があります。一つの事に熱中する、研究心旺盛の活力に満ちていますが、用心深いので冒険することは好みません。また猜疑心が強く、なかなか人を信用しない傾向が。相手を観察し、分析したり、まるで心のセンサーが働くかのように敏感に察知して、相手の胸の内を読み取る事が得意です。物事を見抜く直感力と判断力の的確さに長けているので、目的を決めたら、最後までやり抜く行動力があるでしょう。,緻密な観察力を持ち、抜群の集中力で物事に取り組む能力が備わっています。蠍宮は復活と再生を意味することから、古いものから新しいものへと刷新する役割があり、また、旺盛な探求心で本物を見抜く力を活かせる分野が向いています。「財運」に恵まれ、お金に縁があるあなたは、銀行・証券関係・金融関係に適性があります。その他に、医療関係、検察、警察も吉。,強い金運の持ち主であるあなたは、小さい頃からあまりお金に苦労せず恵まれた環境で育っている人が多いでしょう。もし、突如、立ちはだかる苦難があった時には、人生の壁に対して受けるショックが人より並みはずれて大きくなってしまうかも。しかし、あなたには、それを乗り越えるだけの忍耐力が備わっていることを忘れないで。苦労人で情報収集に長けた人物と交流すると、前に進む術が身について、さらなる金運力がアップするでしょう。,腱鞘炎など「ひじ」に関わる病気に気をつけて。健康面はあまり強くないので健康診断は定期的に。女性の場合は婦人科系の病気などに注意。些細なことでもストレスが溜まりやすいので、肝機能・腎臓病・胃腸病・高血圧・糖尿病など成人病に注意が必要。お酒の飲み過ぎは運気をさげるのでほどほどに。,ミステリアスで妖艶な魅力のあなたは、フェロモン度も高いので何もしなくても異性の関心を集めるでしょう。豊かな情緒性と洞察力があるので、人の心を読み取ろうとします。要注意は一線を越えた途端に執着心が増し、嫉妬深くなる傾向が。熱烈な愛情表現を抑え、感情をコントロールすること。執念深くなったり、疑惑を抱いたりでは、余計な不信感が増すばかりなので注意しましょう。,考えすぎで動きが止まらないように。インスピレーションに従って情報収集しながら、必要なものを選択しましょう。そうすれば、不要と必要を振り分けるスベが身につき、スピードアップに。知識のブラッシュアップや高度なスキル、ライセンスの取得など自分の才能発掘のための投資を実行してみては。また、趣味も価値観も異なる人たちとの交流が、あなたの輝かしい未来をきり拓くきっかけとなるでしょう。,情感豊かな探求心と洞察力があり,緻密な観察力を持ち、抜群の集中,強い金運の持ち主であるあなたは,腱鞘炎など「ひじ」に関わる病気,ミステリアスで妖艶な魅力のあな,考えすぎで動きが止まらないよう
5,心宿,しんしゅく,表むきは気さくでチャーミング、周りを明るくするムードがあり、神秘的な魅力に包まれている人です。そして、「心」の字が示すように、人の心の内側や物事の内面を見通す洞察力と、情報通の面を持ち合わせています。反面、心の内を明かさない秘密主義なところがあり猜疑心が強く、なかなか人を信用できない傾向も。しかし、人の心の動きを敏感に察知して、状況をうかがいながら対応する天性のタレント性を秘めているので、無意識の内に演技力を発揮します。また、好奇心旺盛で、頭の回転は速く、周りを楽しくする雰囲気を持っているので、自然と周囲に人が集まってくるでしょう。,並外れた集中力で物事に取り組み、エキスパートになる力が備わっています。すたれたものを、新しいものへと再生するような役割があります。持ち前のプロ意識を活かしながら、洞察力が必要な分野の仕事に適しています。「人気運」を持つあなたは、愛嬌豊かで、人の心を掴むのがとても得意なので対面業種の、接客・販売・営業・カウンセラーに適性があります。真髄を見抜く力を活かして、研究や開発部門・企画関連・美術・音楽・演劇・神経科分野の医師も吉。,自分の関わる物事に敏感なあなたは、お金の工面や遣り繰りなど、その場に合わせた創意工夫が得意です。しかし、もっと粘ればもっと増やせるのではないかと、欲深さが出てしまう面があるので注意が必要。とはいっても、金銭面の様々なトラブルやピンチでも、蘇りがはかれる程の逆境運に恵まれています。ただ、一攫千金に走ってしまいがちなので、お金を稼ぐことより、殖やす方法に長けた人物との交流で、手堅く貯蓄ができるでしょう。,腱鞘炎など「ひじ」に関係する病気に注意。また、膀胱炎など泌尿器の疾患として現れることも。女性の場合は、婦人科系ホルモンバランスの乱れや、子宮器官系の病気に気をつけて。免疫力は強いものの、心のストレスからくる病気に弱いので精神的なバランスを心がけて。,神秘的なイメージを醸しだしているあなたは、相手の好みに合わせて自分の魅力を変幻自在に操ることが得意です。愛する人と深い絆を結びたいという欲望が強いので、遊びの恋愛には興味がないでしょう。ただ、その一途な愛情も、ときに激しい思い込みにすり替わってしまう危険性があります。愚痴や不満、猜疑心を取り払って、限りない愛を注ぐこと。それによって、女らしさに磨きがかかり幸せを手にすることができるでしょう。,未知なることにも大胆に踏み込むこと。外ではとても明るく振舞い、内では何故か陰鬱な気分になってふさぎ込むことも。ピンチやアクシデントに遭遇しても、決して諦めることなく起死回生を図ることができる運を持っているので、物事をポジティブに捉えて、大きな転機と飛躍の波に乗りましょう。そして、興味の湧いたことにトライし、深めていけば間違いなく、運気アップのよび水をさそうことに。,表むきは気さくでチャーミング、,並外れた集中力で物事に取り組み,自分の関わる物事に敏感なあなた,腱鞘炎など「ひじ」に関係する病,神秘的なイメージを醸しだしてい,未知なることにも大胆に踏み込む
6,尾宿,びしゅく,精神性がとても高くどこか堂々として、今の時代には珍しいぐらい昔堅気の職人や名人に多くみられる古風なタイプの人です。そして、「尾」の字からは、体感を通った尾っぽが連想され、心の根っこのように迷わず直進します。まわりに惑わされることなく猪突猛進の力を発揮しますが、自分の信念に忠実なので、要領よく立ち回ったり、妥協したりするのは苦手かも。 しかし目的達成のためなら努力を惜しまず、冒険心を持ち、競争心、闘争心も旺盛です。また、自分を信じ、どんなに厳しい状況であっても、驚くべき集中力と粘り強さで難なく乗り越え、やり遂げます。,綿密な計画を練り、旺盛な知識欲と行動力が必要とされる分野に向いています。実直で正直な姿勢は、あなたの持つ「名声運」にもつながり、学術や語学系の職種である、司法・法律関係・IT関連・出版業界・マスコミ業界・通訳・貿易関係に適性があります。また、海外に関連した職業も吉。,実直で楽観的なあなたは、集中力や競争心といった精神的能力もバランスよく持ち合わせているので、財運をつかむ運にも恵まれています。 しかしお金へのこだわりそのものが薄いようです。 それゆえ、自らの足場を固める準備として一部は貯蓄するなどの心がけが大切。何事にも研究熱心なあなたですが、既成の概念にとらわれがちなので先駆者的なバイオニア精神旺盛な人物と交流を。そうすることで、持っている財力もさらにパワフルになるでしょう。,精神力もありエネルギーに満ちあふれているので病気を寄せつけにくい丈夫な身体の持ち主。しかし、無理をしやすく、気がつくと重症になっているというケースも。脳溢血・脳血栓など脳に関わる疾患や、生活習慣病・高血圧からくる糖尿病・肺機能・肝機能障害などに注意が必要です。,エネルギッシュで行動的なあなたは、リスクの高い恋ほど燃え上がる傾向が強く、わき目もふらず、好きな相手に向かってまっしぐらに突き進んでいくタイプです。しかし、何かを強制されたり束縛されたりすると、一気に熱が冷めてしまうことも。情熱の赴くまま奔放な恋に身を投じたり、見切り発車な行動にでることも。 あまりの暴走では恋の成就は望めないでしょう。 それゆえ、押したり引いたりといった、恋の駆け引きを身につけることが大事かも。,独立精神を持つこと。何かを追いかけ、探求することが得意なので、既成の概念にとらわれず、留学、独立など人生の岐路となる決定を下すのも吉。何事も自信を持って挑みながら、自分自身の一番好きなことに熱中することができれば、周囲の信頼と評価を上げることができます。 異国の文化と触れ合うことで成功の糸口もつかめるはず。自分の直感を信じて邁進すれば、思った以上のチャンスに恵まれ、さらなる幸運を引き寄せることでしょう。,精神性がとても高くどこか堂々と,綿密な計画を練り、旺盛な知識欲,実直で楽観的なあなたは、集中力,精神力もありエネルギーに満ちあ,エネルギッシュで行動的なあなた,独立精神を持つこと。何かを追い
7,箕宿,きしゅく,何事も徹底主義でドラスティックな感性を持ち、競争心、闘争心が旺盛。そして、「箕」の字が示すように、竹を割ったような気質で、細かいことにこだわらず、何事も大らかで、エネルギッシュな人です。好きや嫌いが、正直なので「大好き！」と思う気持ちは必ず表情に出てしまいます。刺激を求めて、いろいろなコトにチャレンジしますが、手を広げすぎて収拾がつかなくなることも。しかし、何より行動の自由を奪われたり、拘束されたりすることを嫌がるので、のびのびと自由奔放に生きることを美徳としています。また、大局的な考えが得意で、自らを磨き学ぶことや上昇思考が強いので目標を決めれば、一心不乱に突進し必ず夢を実現させて行くでしょう。,国境や世代を超えて外へ飛び出して活躍する役割があります。知識を必要とする仕事、人生の意味や喜びを探求するような精神性の深い仕事に適しています。寛大で商才に恵まれているあなたは、良きパートナーに恵まれる「独立運」の持ち主です。ポジティブで勢いのあるリーダー気質と親分肌の特性を活かし、起業して会社を持ったり、独立採算制の仕事につけばスケールの大きな活躍が期待できるでしょう。マスコミ業界・出版関係・旅行関係・プロデュース業・マネージメント業に適性があります。,お金に関しても楽観的なあなたは、　困難にあってもひるむことなく、経済的に困窮した場合のほうが意欲を燃やします。ただ、稼ぎ方も使い方も豪快で、さらに人一倍気風の良さがあるので、大盤振る舞いで人におごったり、ギャンブルにうつつを抜かすのはご法度。スケールが大きく楽天的で目標が決まると、突進しますが細部にまで目がゆき届かない面があるので、緻密な金銭感覚に長けた人物と交流すれば、地位やお金を得ることができます。,コンディションが低下すると、右脇をはじめいろいろな箇所に痛みが生じます。基本的に病気とは無縁ですが、お酒の飲みすぎに気を付けて。何事もやりすぎるタイプなので肝機能障害・胃けいれん、などにも注意が必要です。他には、筋肉痛・リュウマチ・筋肉や関節に関する場所に故障が出やすい傾向があります。,自由奔放で華やかな魅力を醸し出すあなたは、恋愛に対してもこだわりが少なく、何事にも囚われないスマートな恋愛を望む傾向があります。欲望に忠実で享楽にふける傾向があるので、複数の相手との恋を楽しんだり、何かとトラブルも多いでしょう。それゆえに、一途な愛情を捧げること。興味半分で異性を翻弄したり、相手が振り向いた途端に興味を失って飽きたりでは、不毛な恋愛ばかり繰り返すことになるので注意して。,自分の直感を信じること。備わった情熱と行動力が発揮されると運も味方になるはず。スケールが大きく楽天的で目標が決まると脇目もふらずに突進するので、大きな理想をかかげましょう。そして、細部にまで目を行き届かせて、緻密な解析力や分析力を身につけること。海外など異国の文化と触れ合うことで、豊かなインスピレーションに導かれて運が上昇していくでしょう。,何事も徹底主義でドラスティック,国境や世代を超えて外へ飛び出し,お金に関しても楽観的なあなたは,コンディションが低下すると、右,自由奔放で華やかな魅力を醸し出,自分の直感を信じること。備わっ
8,斗宿,とうしゅく,一見穏やかに見えますが実は頑固。強固な忍耐力を持ち辛抱強い人です。そして、「斗」の字が示すように斗争心と闘争力が旺盛なので、人に弱みを見せる事はありません。プライドが高く、とくに対抗するライバルが出現すると俄然　奮闘力を発揮します。目標達成のために頭脳プレイで人を動かすなど、情に流されることなく冷酷な手段に出ることも。さらに、天から地を見下し、物申す尊大な態度をとる事もあるでしょう。しかし、先を見通すインスピレーションが鋭く、神秘的なものが大好き。また、堅物なイメージに感じられますが、実際には人を引き付けるカリスマ性があり、我慢強くさまざまな苦労をはねのけるパワーを持ち、活動的でエネルギッシュな精神力の持ち主です。,並外れた洞察力と競争心を持ち、物事の本質を見極める知性の持ち主です。社会的な影響を人に与える力と、立ち位置を見極める力が備わっているので組織の中で力を発揮します。タフな精神力と向学心が旺盛な「名誉運」を持つあなたは、教師・公務員・通訳・銀行・証券関係・不動産関係に適性があります。その他に、スポーツ分野・宗教関係も吉。,目的意識が強く現実的なあなたは、用途によって計画的な使いわけや金銭的な余裕を作っておくなどとても堅実。財運に恵まれているあなたですが、一度熱くなると留まるところをしらない闘争心があるので、ギャンブルや投資などには手をださないほうが無難です。また、努力家ですが、意固地な面があるので大胆で豪快な考え方をする人物との交流を。その度胸の良い考えを取り入れると、人脈も広がり金運もダイナミックに上がっていくでしょう。,基本的に丈夫な身体ですが、関節が硬い傾向があり、転んだ弾みの脇の打撲や骨折、特に左脇周辺が注意です。疲れや不摂生によって過食・便秘・下痢などが起こり、ストレスによる胃炎・胃潰瘍・胃腸の病気にも用心が必要です。また、チック症・強迫神経症・神経性の症状が出ることもありそう。,恋愛とは単なる「時間とエネルギーの浪費かも」と考えるあなたは恋愛か仕事、どちらかの選択を問われたら迷わず仕事と答えるタイプです。真面目で用心深く危ない恋には目も触れず、常に堅実な恋愛を選択するので、大失恋の経験は少ないでしょう。孤独に強いタイプで、恋愛より仕事を選びがちなので、フリーの期間が長くても結構平気なはず。ときには理性を取り払い、タガを外すことが大切です。恋愛は怖いものではないということを認識することで、充実した恋愛が成就することでしょう。相手に厳しくしすぎると孤立する危険性があるので注意して。,目標や夢を明確にすること。それには、なりたい未来の自分をイメージしてコラージュを仕上げます。目標や夢を書き入れて、それを声にだしましょう。そうすると、音の波動が振動されあなたの願いは天に届いていくはず。また、さらなる向上を目指し専門的な知識を習得しましょう。そして、夢が叶った輝く未来の姿を、ビジュアル化することで、目標が具現化されていくでしょう。,一見穏やかに見えますが実は頑固,並外れた洞察力と競争心を持ち、,目的意識が強く現実的なあなたは,基本的に丈夫な身体ですが、関節,恋愛とは単なる「時間とエネルギ,目標や夢を明確にすること。それ
9,女宿,じょしゅく,実直で真面目、高度な精神性と忍耐力が宿っている人です。そして、「女」の字が示す、女傑と呼ぶに相応しい歴史上の偉大な女戦士のように、大胆な気性で優れた智恵と実行力を秘めています。自分にも他人にも厳しく権威と秩序を重んじますが、粘り強い性分が前面に出ると誤解されたり、妬まれたりすることも。信念が強くプライドも高い、かなりの頑固者です。しかし、論理的思考で何事にも計画性を持って、綿密な調査をしてから、行動に移す慎重さを秘めています。また、若い頃から落ち着きがあり、深い魅力を醸し出しているあなたは、何かに熱中すると念力パワーを発揮して、苦難や困難に耐えながら目標に向かって道を切り開いていくでしょう。,一度目的が決まると、たぐいまれな集中力と粘り強さを発揮します。具体的で実際的な方面に興味が向かうため「勤め人」として高い評価を受けることができます。「名誉運」に恵まれたあなたは、組織の中でやり遂げる粘り強さが必要とされる、税理士・公務員・司法関係・教師・官僚に適性があります。また、女性を対象にした、美容、ファッション業界・書・舞・茶道・華道も吉。,緻密な計算と努力が得意なあなたは、計画的に貯蓄し金銭的な余裕を作るなど遣り繰り上手の堅実家です。余程のことがない限りお金に困ることはないでしょう。そして、ギャンブルや投資などにも、本気にならないので心配なさそうです。ただ、物事の構築能力はありますが、全てに気を張りつめて、お金の管理にもキリキリしすぎる面が。常に、オープンでユニークな感性を持つ人物と交流すると新しい発想が得られさらに金運がアップされるでしょう。,忍耐力と精神力を兼ね備えているため我慢強く、無理を繰り返して病気を慢性化させやすい傾向が。内臓全般・大腸・喘息・風邪を始めとする感染症など、免疫が弱ると起こりやすくなる症状にも注意が必要です。女性は、血行障害からくる婦人特有の病気にも注意を払いましょう。,恋愛への欲求を激しく求めながらも、規律や道義などを強く意識する傾向があるので、ダイレクトに相手の胸に飛び込めないことが多いでしょう。たゆまず自己研磨を重ねる実直なあなたは、約束は必ず守り、自分に厳しく相手にも厳しいでしょう。ただ、愛をカタチで保証してほしいと相手に要求する面があり、社会的な肩書に拘るところも。相手に物質的なメリットを求めるのではなく、魂の繋がりを重視するべき。時にはムードや勢いで突っ走ることも必要でしょう。,伝統的な文化を重んじること。心身を厳しく鍛えることを美徳としているあなたは、社会のつながりを大切にし、地域社会における責献活動の役割にも注目。また、現実の中にロマンを織り込むことで、新しい考えや発想を得ることができるはず。そうすることで達人と言われる技が輝いてくるでしょう。,実直で真面目、高度な精神性と忍,一度目的が決まると、たぐいまれ,緻密な計算と努力が得意なあなた,忍耐力と精神力を兼ね備えている,恋愛への欲求を激しく求めながら,伝統的な文化を重んじること。心
10,虚宿,きょしゅく,捉えどころのないちょっと風変わりで、束縛を嫌う性分であり、我が道をいく人です。そして、「虚」の字から連想されるように、虚と実、陰と陽が瞬時に交差する面と、現実性と空想的な二面性があり不思議な感性を持っています。尊大な態度で自己主張したり、内向的で気の弱い部分が目立ったり、自分の世界に浸ってしまう傾向も。しかし、一度決断すれば最後までやり遂げる強さを持ち、頭脳的なかけひきは上手です。気位の高さがあって、独自の世界観を持ち、発想力の豊かさに長けています。また、人の心を読み取ろうとするカンが鋭く、意思も強く管理能力に長けているので、大きな偉業を成し遂げる、能力を秘めているでしょう。,孤独に強く、社会的な影響を人に与える能力があります。人々の創造性を刺激する分野の仕事が向いています。社会的地位に恵まれたあなたは、無駄を嫌う合理的な知性の持ち主です。ストイックな修錬が求められる、デザイナー・ライター・カメラマン・技術者・研究者・科学者・教職に適性があります。その他に、航空関係も吉。,財運に恵まれているあなたは、管理能力も高く無駄遣いしない方法を心得ています。収入を上手に割り振りして、計画的に貯蓄にまわし余裕資金などをつくりだすのが得意。そのことから、経済的に豊かな生活を送ることができるでしょう。ただ、プライドが高い反面、臆病な面があり、ときおり、空想に陥って人との交わりが苦手と思うことが。社交的な人物と積極的に交流すれば、人間関係が拡大しその情報交換によって金運アップの秘訣を得ることに。,膀胱炎・尿毒症・結石など腎臓を始めとする内臓全般や喘息・気管支炎・上気道炎など呼吸器系の病気には注意。胃腸が若干弱いので、暴飲暴食は避けましょう。高血圧・脳溢血など、突発性の疾患にも気を付けて、疲れたと思ったら無理をせず休息を心がけるように。,真面目で用心深く、失敗を恐れる気持ちが強いので、相手に弱みを見せるのが苦手な傾向があります。ムードや勢いで突っ走ることは滅多になく、恋愛には不器用でしょう。面倒見も良いため頼りにされますが、ベタベタした依存関係とは無縁。恋のエモーションを感じたら何も考えずに相手に委ねること。素直に甘えて、ロマンスに酔いしれることができれば、フェロモンが増して恋の勝利者に。,存在感を発揮することです。真剣に取り組む姿勢と、実現に向かって自分が努力したことは、裏切ることはなく必ず結果となって残るはず。そして、知識のブラッシュアップやイマジネーションを豊かに働かせることで、実質的にかなりの成果を上げることも。そのことから、確固たる存在感と実力が身につき、大きな偉業を成し遂げることが可能になるでしょう。,捉えどころのないちょっと風変わ,孤独に強く、社会的な影響を人に,財運に恵まれているあなたは、管,膀胱炎・尿毒症・結石など腎臓を,真面目で用心深く、失敗を恐れる,存在感を発揮することです。真剣
11,危宿,きしゅく,好奇心旺盛で平凡を嫌い、新しいもの好きで風変わりなものを好む人です。そして、「危」の字が示すように、物怖じする事なく、冒険的な道を歩んで行く強さがあります。フレキシブルな融通性を持っていますが、思いこみが激しく、熱中するものや興味の対象はコロコロと変化し気分屋な面も。しかし、知的思考が強く、自由を奪われることを嫌い、独自の考えやスタイルに強いこだわりを持っているので、夢や幻想の世界に流されることを好みます。また、不自由な安定よりも、不安定な自由を好み、理性よりも感性の面が強い傾向にあるので、 直感力と美的センスを活かし、器用さと独特のアイデアをうみだすことで才能が活かされていくでしょう。,仲間意識が強く、チームワークを大切にします。人々の創造性を刺激する役割があり、連帯感が必要な仕事、人と手を携えて取り組む仕事に向いています。トレンドを敏感に察知し、革新的なアイデアで創意工夫が得意なあなたは、技術分野・企画開発・学術研究・医薬関係・マスコミ関係・広告関係・出版に適性があります。その他に、航空関係なども吉。,きちんと計画を立てて効率的にお金を管理するのは苦手なあなたです。 それよりもお金を使って得た価値に目を向けるほうが得意です。 お金は使うためにあり 「お金は天下の回りもの」「今のピンチをそんなに嘆げくことはない」という気持ちが強いかもしれません。お金を使って得た価値をもとに、どのように次のチャンスをつかむかを考えると金運上昇するでしょう。しかし、のめり込んだら、とどまる所をしらないのでギャンブルや投資は、盲目的な一面があるのでご法度です。 そんなあなたには、きちんとお金の管理ができる人物から、マネーセンスを習得することで、着実に貯金ができるようになるかもしれません。,骨盤や股関節などのズレに注意。また、血行障害を起こして、頭痛・冷え性・肩こり・腰痛・胃腸障害・消化不良・便秘・下痢を繰り返すときもあるので、大腸のポリープなどの病気には用心。不調になった時は、無理を続けずに早めの受診を心がけることが大事です。,知的でクールさが漂うあなたは、独自のスタイルと個性がとても魅惑的。常識に縛られないユニークな発想が斬新すぎて誤解を受けることも多いかも。基本的に自分のことが大好きで、好奇心も旺盛なので、恋愛対象もコロコロと変わりやすいでしょう。波長が合わないからといって、知らぬそぶりをしてしまうようでは、幸せにはなれません。また、アブノーマルな遊びや不倫には要注意。,逆境を乗り越えること。試練をどのようにして乗り越えるかで、人生の色合いも大きく変わります。何か苦難に遭遇したときは「これは試練を乗り越える課題に違いない」と、ピンチをチャンスに変えましょう。防御の姿勢よりアグレッシブに問題に取り組むことが得策。人に理解されないことでも自分が好きなら続けるという、強さをもって進むことで運気が上昇するでしょう。,好奇心旺盛で平凡を嫌い、新しい,仲間意識が強く、チームワークを,きちんと計画を立てて効率的にお,骨盤や股関節などのズレに注意。,知的でクールさが漂うあなたは、,逆境を乗り越えること。試練をど
12,室宿,しつしゅく,ユニークで現実をダイナミックに動かす実力を兼ね備えた人です。そして、「室」の字から読み取れるように、自分の〝室〟である個性を表す部屋をしっかり持ち、自分を見失わない強さを秘めています。自由で創造的な感性に恵まれ、傍若無人としての印象が強く、自信に満ちあふれる言動や行動で、周囲を驚かせ圧倒させる面も。そして、斬新で革新的な考えを美徳としています。自分のアイデアに自信があるので他者の追随をゆるしません。また、エネルギッシュで独特な個性を持ち、周りを見逃さず、さりげない目配りで独自の地位を築き、強烈な存在感で勝利を目指していきます。,チームワークを大切にして、連帯感を携えて取り組む能力があります。自由で大胆な発想力で才能が発揮できる仕事が向いています。「実力運」を持つあなたは、画期的な着想力と大胆な発想が得意な努力家なので、企画開発・技術開発・販売戦略・マスコミ関係・広告関係・美容関係・美術関係・音楽関係・芸術分野に適性があります。独立起業も吉。,金銭に関しても豪快に使う大胆さと、緻密な計画さの二つを併せ持つあなたです。名声運・出世運にも恵まれているので収入も段階ごとに上昇。それに伴って、返報性も大切にするあなたなので、沢山の縁や運を手にすることも多いはず。ただ、肝も据わっていて貪欲で強引な面があるので、冷静な判断力を持った尊敬できる人物との交流が必要。その人物の考えを学び、取り入れることで知識の幅も広がりあなたの存在運と金運がともにアップするでしょう。,ストレスが重なると、血行障害からくる胃腸障害・腎臓病・膀胱炎を患いやすい傾向があります。また、手足の冷えや、けいれん、足のケガに注意が必要。定期的な診断など、先回りして対処するよう気をつけておくと、持ち前のパワーを存分に発揮することができるでしょう。,常に高いポリシーを持つあなたは、恋愛も同様と考えます。高い理想を抱き、幻想的な恋やセレブ的な環境での恋に憧れることが多くあります。誰に対しても、分け隔てなく接することができるので人気は抜群。どれほど相手を好きになっても、束縛されることを嫌う傾向が。年齢の離れた恋愛や、自分とは全く異なるバックグラウンドを持つ異性に惹かれたり、禁断の恋に身を投じることも。好きな人と共有する時間をもっと大切にすること。また、恋のトラブルに遭遇しても、いたずらに恐れず、その災いは必ず福に転じると強く信じましょう。,目上のアドバイスを聴き入れ、冷静な判断力を養いましょう。相手の考えを取り入れることで知識の幅も広がり、あなたの持ち前の存在感は確実にアップ。大胆な戦略と緻密な策略、この相反するセオリーを操ることができれば、大きな偉業も成し遂げられます。興味のある人物が現れたら、自分からコンタクトをとる努力をすると、新たな人間関係が始まり、人生がガラリと変わることもあるでしょう。,ユニークで現実をダイナミックに,チームワークを大切にして、連帯,金銭に関しても豪快に使う大胆さ,ストレスが重なると、血行障害か,常に高いポリシーを持つあなたは,目上のアドバイスを聴き入れ、冷
13,壁宿,へきしゅく,温厚、世話好きで優しく、周囲から好感をもたれ、内に秘めた直感や情緒豊かな芸術的センスに恵まれた人です。そして、「壁」の字が示すように、自分が壁になって人を護る姿勢や、なにかと相談を受け、頼りにされる面があります。頼まれたら断れずに善意を施し、それが転じて利用されたり、だまされたりして、精神面で壁を作り踏み込ませない面も。しかし、信心深く、困っている人を見ると、放っておけず自分を犠牲にしてまで、救おうとする精神が宿っています。また、転んでもタダでは起きない粘り強さを持ち、冷静な観察眼と分析力で自分の好きな事は、どこまでもとことん熱中し独自の足場を築いていくでしょう。,独特の精神世界を活かしながら、クリエイティブな世界で活躍する役割があります。また、世話好きで、人助けに関しては抜群の才能を発揮します。心と心の触れ合いの中で人をサポートする、保健衛生・福祉事業関係・ファイナンシャルプランナー・コンサルタント・秘書・公務員・経理に適性があります。,蓄財運に恵まれているあなたは、無駄な出費をすることは滅多になく、倹約しながら手元のお金を上手に殖やして行くことができます。ただ、ギャンブルや投資は人から誘われてしまうと、断れずにお金を使ってしまう弱い面がでるので、手を出さないほうが無難でしょう。また、人の良さに付け込まれ、騙されてしまう危険性がないように参謀的な人物の意見を取り入れることで、駆け引きや交渉術が身について持っている金運が強まっていくでしょう。,ストレスから血行障害を起こしやすく、足のケガ・手足の冷え・外反母趾・タコなど足の病気、交通事故による足のケガ、特に左腿に注意。また、靴選びの際には足が楽なものを選ぶなどの配慮が必要。心身共にデリケートな性質なので、慢性疲労から脾臓の病気を患いやすい傾向が。,あなたは「人を支えたい、人に尽くしたい」という気持ちが、極めて強いので、献身的で強い愛情に満ちあふれた恋をするでしょう。想像力が豊かで、どこか夢見がちなタイプ。愛する人には誠心誠意に尽くすでしょう。ただし、一度嫌になるとアッサリ別れてしまうような気まぐれなところも。ひとりよがりではなく、客観的な視線を持つこと。四六時中、相手のことばかり考えたり、余計なお世話が過ぎると、悲恋を味わうことになりそう。ときに相手の要求を断る強さも大切。,自分自身の内面の声に耳を傾けること。内側から湧き出る発想に従うことで、不可能を可能にすることができます。芸術的な感性で誰も思いつかないようなモノを創り出すことも。一度悩み始めると物事を突き詰めて考えてしまうので、音楽を聴きながら絵を描いたりすることで、内なる心の世界を広げることが出来るでしょう。また、今までの経験で身につけた技能は大きく開花する暗示があります。迷いが生じたときは自分のインスピレーションにしたがうことを忘れずに。,温厚、世話好きで優しく、周囲か,独特の精神世界を活かしながら、,蓄財運に恵まれているあなたは、,ストレスから血行障害を起こしや,あなたは「人を支えたい、人に尽,自分自身の内面の声に耳を傾ける
14,奎宿,けいしゅく,気位が高く上品で、清潔感に包まれ、とても礼儀正しく精神性の高い人です。そして「奎」の字を読み解くと、「学問の心を導き」とあります。人に対しても学びの姿勢を保ち、温厚柔和で人助けや奉仕精神が強く、周りからも好かれ魅力があります。未知の世界であっても、びっくりするぐらい大胆にのめりこんだり、感情に流されて依存しやすい傾向も。しかし、カンや閃き、そして豊かな直感力と想像力に恵まれています。真面目で正義と誠実が表面化していて優しいです。常に健全を願い、見せかけだけの軽薄な人や対立を嫌う傾向があるでしょう。,創造性を活かしながら芸術分野で、のびのびと才能を発揮できるでしょう。組織に縛られない仕事に向いています。上品で美しいものに魅かれるので、芸術に触れることや、知的で向学心に溢れる、医学・薬学関係・教職・研究職・化粧品に適性があります。水産業・海運業・福祉関係・保健衛生関係・自営業も吉。,お金に対して楽観的なあなたは、積極的な貯蓄は苦手なタイプかも。しかし、何事にも模範的でありたいと願っているので、無駄になるような買い物は滅多にしません。けれども、何かに熱狂的にのめりこみ、一度熱くなってしまうと、融通の利かない執念深さが出てくるときが。それゆえ、ギャンブルや投資は避けるほうが無難です。サイドビジネスに長けている人物と交流すれば、収入を増やす手段が見つかり貯金をすることができるでしょう。,手足の冷え、膝に関わる病気やケガに注意。また、靴が原因で外反母趾や足を痛めやすい傾向も。突発的な高血圧・喉・気管支などの病気にも気をつけましょう。膝の病気、高血圧や気管支に注意が必要。日頃からの不摂生や、不規則な生活がカラダに悪影響を及ぼすことも。難しい健康法に頼るよりも規則正しい生活から始めましょう。,あなたは思いやりにあふれ、深い愛情を注ぐことができるので異性にモテます。しかし、好きな相手には、激しい感情移入や強度に依存し過ぎる傾向があります。内側に強い情熱が潜んでいるため、パッションを駆り立てるような恋愛を望んでいる一面が。秘密の関係を持ちやすく、二重の恋に陥る可能性も高いでしょう。すべての物事を規則や形式で決めようとしないで、ユーモアのセンスを身につけること。そうすればロマンティックな恋のチャンスが増え、持ち前のめぐまれた恋愛運が発揮できます。,カンに頼りすぎて物事の理論を疎かにせず、論理的に結論を出すリアリストな考えを持つこと。また、文才力があるので、文章や文学との関わりを積極的に増やせれば運気アップに繋がります。そして、浮かんだアイデアを実用的に落とし込こんでいくと、予想以上の結果に繋がります。それには、自分の才能発掘を惜しまず実行しましょう。そうすれば天からの導きが得られ大きな幸運が訪れるでしょう。,気位が高く上品で、清潔感に包ま,創造性を活かしながら芸術分野で,お金に対して楽観的なあなたは、,手足の冷え、膝に関わる病気やケ,あなたは思いやりにあふれ、深い,カンに頼りすぎて物事の理論を疎
15,婁宿,ろうしゅく,曲がったことが大嫌いで、燃え上がるような正義感と勇敢さと共に、親しみやすさ溢れる面を持ち合わせた人です。そして、緻密な分析力や検索力に優れています。自分の考えを押し通し、思ったことは「物申す」の姿勢で、意見や発言を言わないと気が済まない気持ちと、自己主張が強いので考えを曲げない強情な面も。しかし、直感から湧き出るアイデアの豊富さとセンスもあり、多彩な才能に恵まれています。また、バイタリティーのある抜群の精神と行動力で、一度決めたら無我夢中で、必ずやり遂げる情熱と向上心で生き抜いていくでしょう。,スピーディーな決断と行動力があるので競争力の激しい職種に向いています。「人気運」を持つあなたは、気遣い、気配りの機転が利き、接客業務の職種にあたると能力が発揮されます。営業関係・販売業界・広告業界に適性があります。その他に、レポーターなどのマスコミ関係も吉。,まっすぐで一本気なあなたは、迷いのない素早い決断力で損得勘定を敏感に察知する、ズバ抜けた能力と計算強さがあります。しかし、一度火がついてしまうと無我夢中で突っ走り冷静に考えられなくなってしまう面も。競争心と負けん気の強さで、引き時を見失ってしまいがちなので、ギャンブルや投資はご法度です。鋭敏な感知力があるので、知的で社交的な人物との交流をもつことでビジネスセンスが磨かれて地位やお金も得ることに。,動きが俊敏で行動範囲も広いので、バイタリティーが裏目に出ないよう、交通事故や打撲などに気をつけましょう。疲労やストレスが溜まっても頑張ってしまう性格なので、頭痛・高血圧・脳出血・脳梗塞などが出やすく、意外に虚弱体質なタイプが多いので日頃の健康管理は大切です。,"あなたは、メラメラ燃えたぎる炎のように情熱的です。恋愛も同様に、激しく一途な愛情を注ぎ、相手を追い求めていくことが多いでしょう。穏やかな恋愛には無縁です。退屈な日常を打ち破ってくれるような刺激的な恋を求めているため、言い寄られる恋には無関心。ときには略奪愛もいとわない滑稽な手段にでることも。年齢の離れた関係のほうが、意外にうまくいくでしょう。
後先を考えずに行動したり、思いやりに欠ける発言ばかりでは恋は一方通行。一歩引いて受け身でいるくらいがベストと心得ましょう。",直情的な行動を改め、ときにはじっくり考えてから結論を導き出しましょう。そのために、衝動的な行動をすこし抑えることも大事。知的で社交的なセミナーやパーティーなどの交流に出向いたり、参画すればしだいに成熟したまろやかな魅力と、広い視野から観察する力が備わってきます。そして、思ってもみなかった幸運をキャッチし、上昇気流の運気に乗れるでしょう。,曲がったことが大嫌いで、燃え上,スピーディーな決断と行動力があ,まっすぐで一本気なあなたは、迷,動きが俊敏で行動範囲も広いので,あなたは、メラメラ燃えたぎる炎,直情的な行動を改め、ときにはじ
16,胃宿,いしゅく,オリジナリティー豊かなパワーと、闘争心旺盛な行動力に優れ、とても自信満々で度胸のある人です。そして、何事も飲み込み吸収する力があります。好き嫌いがハッキリしていて明暗が顔に出やすい。 強い個性とプライドも強く、何事も思い通りに進めたがる個人プレイ的な面があり、そのはみ出した勢いのある行動が原因で周囲から反感を買う傾向も。しかし、スピーディーで頭の回転が速く、運を掴むチャンスとタイミングの速さは抜群です。また、好奇心旺盛で強いリーダーシップ力を発揮することで、多くの人が集まり、ユーモアセンスも豊かで自分の人生を切り開いていく力があります。,競い合いながら新たな価値や需要を生み出すパワーが備わっています。人の先頭に立ち開拓精神で新しいフィールドに挑む役割があり、競争の激しい仕事に適しています。抜群の「勝負運」の持ち主なので、競争意識を活かせる営業職に向いています。スポーツ関係・ファッション関係・貿易関係・飲食、食品関係にも適性があります。独立起業は吉と出るでしょう。,闘争心旺盛で迷いを見せないあなたは、視界に入るマネーチャンスを、多少大胆にも見えるやり方で手元に引き寄せることができます。また、勝負運があるのでギャンブルや投資は吉と出ますが、引き時を見失うと大損するので平常心を忘れずに。投資や出費は損と思わず、さらに稼ぎだしたお金をコミュニケーションで使えば信頼関係が深まります。そして、グローバルな視点を持つ人物と交流すると大金を得るチャンスに恵まれるでしょう。,"健康には自負があり強靭な肉体を持っていますが、足腰の病気やケガ・手足の冷え、には注意が必要です。薬剤に詳しく健康には留意しますが、胃宿の胃を示しているので飲み過ぎ食べ過ぎにも注意を。ときに短気で頭に血がのぼりやすいので脳出血・脳梗塞などにも用心が必要。
",情熱的で、人目を引く魅力に包まれているあなたは、女性は相手をリードする姉御肌、男性は頼りがいのある存在。女性は特に年下の異性に一目惚れされやすいでしょう。障害のある恋愛もいとわず、情熱的に相手を愛しますが、相手のすべてを奪い取ろうとするところがあり、束縛したり嫉妬深くなったりします。また、人目惚れしやすい傾向も。客観的に自分を見つめることが何よりも大事。勢いだけで突き進むと後でひどい目に遭うので注意しましょう。「自分に必要な恋愛とは何か」と、思いをはせることが必要です。,人が真似できないようなオリジナリティーを追求しましょう。持ち前の独特な美意識を開花させることができれば、大きく開運します。グローバルな視点を持つことも大事ですが、直感ばかりを優先するのではなく、ときには手順を重視し、計画的に物事を進めていれば運気はさらにアップします。また、食へのこだわりが運気の底上げに繋がるので、思う存分美味しい物を食しましょう。,オリジナリティー豊かなパワーと,競い合いながら新たな価値や需要,闘争心旺盛で迷いを見せないあな,健康には自負があり強靭な肉体を,情熱的で、人目を引く魅力に包ま,人が真似できないようなオリジナ
17,昴宿,ぼうしゅく,言葉の表現や態度がエレガントな人です。そして、頭の中でまとめる能力に長けています。知的な魅力に溢れ、頭脳も明晰です。剛柔の二面性があり、表面は穏やかに見えますが、内面は情熱が沸騰し激情に駆られることも。ただ、チャンスが到来したここ一番の時に躊躇してしまいます。それは、理想と現実の狭間でイラつき、理性と感情のバランスが崩れるからです。しかし、持ち前の持久力と適応力で乗り越える力を持っています。また、芸術的で都会的なセンスがあり、本物志向の美学を持ち、物事の本質を見極めて、威風堂々とした姿勢で存在感を主張していきます。,"開拓精神があり、また、信念に忠実なので、その分野でスペシャリストになる役割があります。目上から寵愛を受け、下からは慕われる「引き立て運」を持つあなたは、社会的に恵まれた位置について特性を活かす事が出来ます。美容関係・ファッション関係・文芸関係・芸術関係・執筆業・評論・翻訳関係に適正があります。五感の味覚を発揮して、飲食・食品関係・パティシエ・シェフも吉。
",周囲からの引き立て運に恵まれているあなたは、信頼ある行動と謙虚な態度から、手元に財が引き寄せられてきます。そして、気持ちも優雅な立ち居振る舞いを美徳としガツガツしてないので、お金に対しての執着心が少ないようです。しかし、昂ぶる感情が抑えきれないときがあるのでギャンブルなどはご法度です。また、頭脳明晰ですが、固執する面があるのでエキセントリックな感性を持つ人物との交流が大事。情報のやり取りをする中で、斬新なアイデアが閃いて金運も上昇していくでしょう。,偏頭痛・高血圧に悩まされやすく、さらにはそこから脳溢血・脳梗塞になるケースも少なくないので注意しましょう。ストレスに弱い体質なので、神経性の病気や自律神経失調症を引き起こしたり、神経性胃炎になりやすい傾向もあるので普段から健康管理が必要です。,セレブ志向で外見にこだわるあなたは、恋のハードルはかなり高めです。快楽主義的な反面、簡単には他者を受け入れられないという、ちょっと複雑な恋愛観の持ち主です。上昇志向でプライドが高く、選り好みが激しいあなたは、自分にとってプラスになる異性との交際を強く望む傾向があります。理想はかなり高く、ルックスと実力を持ち合わせた異性を好みますが、好きな相手には冷たくしてしまうなど矛盾した面も。損得を考えずにさまざまな分野の異性とお付き合いすること。また、勝手な思い込みをやめて、相手の欠点を受け入れることも必要。傷つくことも恐れないで、もっと積極的に相手の胸に飛び込みましょう。,柔軟な感性を備えること。繊細な感覚と鋭敏な頭脳を持ち合わせているので、どうしても自分の考えに執着してしまう傾向があります。しかし、折角授かった能力を有効的に使うことがポイントです。ひとつとして、他人の助けを借りる方法も得策。異業種交流会やセミナーなどに出向くことで、人脈形成も広がり、援助を得て、持っている運気が倍増されていくでしょう。,言葉の表現や態度がエレガントな,開拓精神があり、また、信念に忠,周囲からの引き立て運に恵まれて,偏頭痛・高血圧に悩まされやすく,セレブ志向で外見にこだわるあな,柔軟な感性を備えること。繊細な
18,畢宿,ひつしゅく,見た感じの印象は穏やかで愛情豊かなイメージの人です。しかし、内面は体力と精神力の強さに恵まれています。そして、すべてにおいて最後までやり遂げる忍耐力があります。自分のスケールで物事を理解する傾向があるので、人の意見が耳に入らず、頑固で自己中心と思われるときも。しかし、自分の世界観をしっかり持ち、一歩一歩スローなペースで、行動はマイペースですが、粘り強く貫くパワーがあるので周りからの信頼度が構築されます。また、年齢と共に実力を蓄え、大器晩成型の運勢でもあります。家族との結束を大切にして、地道にコツコツと着実に頭角をあらわし進んでいくでしょう。,職人的なこだわりを持って、地道な努力を続けて行くので、その分野で能力を発揮し頭角をあらわすでしょう。好きな事に対しては思う存分没頭できる根気強さとバイタリティーの持ち主です。 「蓄財運」に恵まれているあなたは、お金を動かす仕事として財務・経理・銀行員・税理士・会計士・経営コンサルタントに適性があります。その他に、研究職・技術職・芸術・芸能・美術工芸・美容・香料・園芸・畜産も吉。,増財運に恵まれているあなたは、お金の管理に関してはピカイチの才能を持っています。それゆえ、ギャンブルなどの一攫千金を夢見るよりは地道に働いて貯めていくタイプです。財布の紐を緩めて友人や家族と、ゆったりした交流の時間を分け合うことで財運はさらに上向きに。ただ、資金運用も抜け目なく堅実である一方、尻込み傾向があるので大胆な発想をする人物との交流で、お金に関してのラッキーヒントが得られるかも。,気力、体力に恵まれ、生命力溢れる強靭な肉体の持ち主。病気に対しても強い抵抗力を持っています。しかし頭痛・脳出血・脳梗塞など脳の病気や額の怪我には注意が必要。心身ともに頑強なのでギリギリまで身体を酷使して、過労にならないように気をつけましょう。,温かみにあふれ、穏やかなあなたは、母性的な魅力と包容力も持ち合わせているので異性からモテるタイプです。一つ一つの恋愛に対して、じっくりと時間をかけて育みます。好きな相手には最後まで愛を貫きますが、ときに相手にしつこくまとわりつくことも。独占欲を抑え、大地に根をはる大木のような、ゆるぎない強さを身につけることです。自分が愛したぶん、相手からも深く愛されたいと願うのではなく、無償の愛を注ぐことが必要です。,ものごとに執着しないで、思いきって手放してみましょう。追い詰められるほどに、パワーを発揮する力を持っているので、熱意が強まるほど発奮して、磁石のようにチャンスを引き寄せるでしょう。また、発想が固定化されやすい面があるので、強烈な個性を持っている人との出会いを通して、今までにない領域に踏み込みましょう。そうすることで、あなたを新しい世界へと導いてくれるでしょう。,見た感じの印象は穏やかで愛情豊,職人的なこだわりを持って、地道,増財運に恵まれているあなたは、,気力、体力に恵まれ、生命力溢れ,温かみにあふれ、穏やかなあなた,ものごとに執着しないで、思いき
19,觜宿,ししゅく,知的で論理的、礼儀正しく温厚な面と、アクの強い部分の内と外の二面性があります。エネルギーが旺盛で、饒舌で流れるような会話力と説得力のあるトークに長けています。何かに夢中になると、もう一方では冷静になり、豊富な知識を使って抜け目なく立ち回り、計算高い面を得意とすることも。また、慎重で思慮深く、はめを外す事なく適切な対応ができるので、損な選択をすることはありません。物事をテキパキ処理し、何事においても先頭を切る闘士型と人をさとす教祖型の力があります。その相反する力を活かせれば、周囲から多くの支援を得られるでしょう。,自分の信念に忠実なので、一つの技術を取得して、その分野で成長と発展を遂げるでしょう。また、頭の回転が早く、緻密な計算と巧みな対応を得意としています。「物質運」を持つあなたは、社会的地位の高い、弁護士・行政書士・税理士・学者・政治家に適性があります。知識と情報に関係ある、作家・評論家・出版・広告関係・秘書・マネージャーも吉。,思慮深く観察力の鋭いあなたは、高い計算能力でキャッチした最先端の情報を活かすことができ、それをもとにして資産運用することが得意です。そして、もともとが蓄財運に恵まれているので、お金がお金を呼び大きな財を成すことができるでしょう。ただ、非常に神経質な面があるので、天真爛漫に振る舞う人物と交流することが必要です。相手の価値観を共有することで、思考回路が転換されて金運アップのアイデアが閃めくでしょう。,眉間にしわを寄せて考え込む傾向が強いので、偏頭痛・高血圧・顔面のケガにも注意が必要。神経が細やかなので、対人ストレスからアレルギー性鼻炎・喘息・大腸の病気として身体に出てくるようです。病気をすると長引く傾向があるので、日頃の健康管理をしっかり行うことが大切です。,容姿に恵まれた人が多く、上品な素振りを見せるのが上手なあなたは、異性からのアプローチは多いですが恋愛に対して慎重で、相手の素性がはっきりしないうちは、今一歩踏み込めずにブレーキをかけてしまう面があります。でも一方で、恋の策略を練る駆け引き上手な部分もあり、周囲から見ると「いったいどちらが本当の姿なのか」困惑してしまうことがあるかもしれません。,持ち前の美的感性を磨くこと。そして、さまざまなことができるタイプなので、最後までやり遂げること。たとえば、美の情報を得たら実際にその場所に行ってみて体感しましょう。美容に触れ、美のグルメを味わい、美術や芸術に触れることで知識も深まり、奇抜なアイデアが閃くことも。得た情報を周囲にアピールすることで、美の幸運を手に入れることができるでしょう。,知的で論理的、礼儀正しく温厚な,自分の信念に忠実なので、一つの,思慮深く観察力の鋭いあなたは、,眉間にしわを寄せて考え込む傾向,容姿に恵まれた人が多く、上品な,持ち前の美的感性を磨くこと。そ
20,参宿,しんしゅく,エネルギーとパワーに満ち溢れ、とても大胆で明るく、荒ぶる風のように、意のままに駆け抜ける強さを持ち、自信に漲っている人です。そして、何にでも何処にでも参加する好奇心が人一倍旺盛。頭の回転が早く、情報キャッチが得意なので、コミュニケーション能力を発揮しながら、交友関係を拡大させます。ただ、相手の胸にずかずかと遠慮なく入り込む豪快さは、周囲を驚かせ、毒舌で相手の反感を買うことも。しかし、言葉の表現力にも優れ、発想力も豊かなタイプです。また、愛嬌とピュアな魅力があり、人徳があるので、人に愛されて出世する運勢を持っています。,ユニークな発想と情報収集力に長けているので、人々のニーズを伝達する役割があります。アイデアを活かしながら持ち前の商才を発揮できます。誰に対しても明るく陽気で人当たりが良い「人気運」と鮮やかな表現で知識を伝播する「対人運」を持つあなたは、美容師・放送・出版・旅行・教育関係・情報伝達業に適性があります。その他に、美容関係・ファッション関係も吉。,流行に敏感なあなたは、時代の流れを見極めながらその時々で有利な方法を見つけて、着実にお金を増やしていく財テク上手と言えます。また、お金を稼ぐ能力に長けていますが、刺激を求めて浪費する癖があるので、堅実な金銭感覚を持つ人物と交流を。そうすると、散財も減ってしっかりとしたマネーセンスが身につき運気もアップするでしょう。,基本的には体力に恵まれていますが、アレルギー性鼻炎・気管支喘息に気をつけて。体力を過信しての不摂生などから、肝臓・膀胱炎などに。体重増加による足のケガや関節症を重症化させることも。また、交通事故には注意を。,"積極的に新鮮な愛を求めるあなたは、ウイットに富んだ会話術で相手を惹きつけ魅了します。ときに、毒舌で辛辣な発言で相手を傷つけてしまうことも。どろどろした恋愛には無縁で、別れも実にアッサリしていて未練がありません。自分の話より聴き上手になりましょう。そして、相手の闇の部分もしっかり受け止めることができれば、真実の愛に目覚め、恋の勝利者になれるでしょう。

",リベラルな考えに徹すること。ただ危険性も併せもつので、堅実な物の考え方ができると、しっかりとしたマネーセンスが身につきます。たとえば、証券会社や投資コンサルタントなどから、情報の収集をすることで大きなヒントが得られるでしょう。また、肝が据わっているあなたなので、常に何かにチャレンジする精神で冒険の心を持ち続けることが、運気アップとなるでしょう。,エネルギーとパワーに満ち溢れ、,ユニークな発想と情報収集力に長,流行に敏感なあなたは、時代の流,基本的には体力に恵まれています,積極的に新鮮な愛を求めるあなた,リベラルな考えに徹すること。た
21,井宿,せいしゅく,コミュニュケーション能力が高く、知的でシャープな頭脳を持ちドライな雰囲気を漂わせながらも、奉仕精神のある人です。きちんと区切りがあって、几帳面さが全面に出るため、計算に強く、頭の回転も早いです。そんなクールなところが合理主義者で冷酷な人に見られるときも。何かと論争を好む傾向があり、駆け引き上手の頭脳派です。人と話すことが大好きで、理性と感情を絶妙にコントロールする会話能力に長けています。また、内面は気前が良く、情報や物を惜しまず与えます。人に尽くす精神ときめ細かい心優しい面を活かしましょう。,交渉力に不可欠な能弁さと情報収集力に長けています。また機転が利き、状況を的確に把握する能力があります。包容力と奉仕精神が活かせる分野の仕事にも向いています。「所有運」に恵まれるあなたは、頭脳プレイを発揮し、目標達成に向けて、高い精度でマスターしていく実力があるので、企画営業・貿易関係・外交官に適性があります。生活に密着した、服飾・食品・飲食関係・住宅・インテリア・サービス業も吉。,物質運・所有運に恵まれているあなたは、自然と手元にお金が集まってきます。さらに、適切な方法を選んで蓄財を殖やす努力も熱心。ただ、自分の選択が思うようにいかないと、人に依存してしまい、むやみに相談して悪意のある相手に利用される危険性も潜んでいます。また、知識が豊富なだけに合理的に判断してしまう傾向が。権威ある人物との交流を深めることで、大きな学びとなり知識欲も満たされて金運も上昇するでしょう。,風邪・肺炎・アレルギー性鼻炎・喘息に始まり呼吸器系の病気に注意。神経質なので過度のストレスによる胃潰瘍・肝臓病などさまざまな部分に疾患として表れる可能性が。また、ストレス性の難聴といった神経症の発症にも注意が必要でしょう。,場の空気を読むのが得意なあなたは、スマートな会話術で異性を惹きつけます。ただ、相手が夢中になると、そのアプローチをサラリとかわします。理想が高く、現実的な面があるので、完璧な恋愛を求めるでしょう。甘えたり、突き放したりと恋の駆け引きも絶妙。本気で人を好きになれず、恋に打算が働いてしまうことも。相手の出方を待つより、自ら相手の胸に飛び込むことが必要です。失敗を恐れずにチャレンジすれば、目先の不安は不思議と消え去っていくでしょう。,依存心をおさえて独自の考えを優先すること。マルチの才能を持ち、情報を吸収することが得意なので自信を持ちましょう。あなたの持つ知識や情報は必ず人のためになるので発信することが運気アップの秘訣に。その情報を流すことで、自分が欲しいと思っている情報も自然に返ってきます。また、学ぶことが大好きなあなたなので、資格取得にチャレンジすれば、持ち前の知識欲も満たされるでしょう。,コミュニュケーション能力が高く,交渉力に不可欠な能弁さと情報収,物質運・所有運に恵まれているあ,風邪・肺炎・アレルギー性鼻炎・,場の空気を読むのが得意なあなた,依存心をおさえて独自の考えを優
22,鬼宿,きしゅく,楽天的で親しみやすく、好奇心旺盛。相手の気持ちをくみ取り、自分のことのように感じられる優しい人です。そして、さまざまな感受性を持ち合わせています。「手をさしのべたい」「救いたい」という慈悲の精神が宿っています。ただ、相手の気持ちを感じ取りすぎて情に流されたり、その情動的な面が強まると依存気質に変化して理性的な判断ができなくなることも。しかし、暖かく相手を包み込む包容力と、テレパシーのような直感力が備わっているので、人を安心させるタイプでもあります。,豊かな感受性を持ち、人にやさしいボランティア精神が備わっています。慈愛に満ちて包容力を持つあなたは「地位運」に恵まれ、気遣いを得意とする医療関係・福祉関係・コンサルタント関係の仕事に適性があります。自由な発想力を活かして、旅行業・飲食業・ファッション業界・インテリア業界・海外関係も吉。,インスピレーションに恵まれたあなたは、的確にお金に結びつくことを選択する不思議な能力が備わっています。そんな、あなたの面倒見のよさを利用しようとする人は世の中にいるので、気乗りしないお金にまつわる話については、丁重にお断りすることが肝心。直感力の鋭さに加えて、物事の本質を見通す優れた判断力を身につけることが必要。それには判断力に優れた、見識のある人物と交流すればその能力が身につき金運もアップするでしょう。,鼻炎や骨折に注意。日頃から風邪予防対策をこまめにして気をつけましょう。自分で思うほど身体が丈夫ではないので、定期的な診断が大事です。栄養過多からくる糖尿病・痛風・肝障害に注意。情緒的に不安定になりやすく、極度の緊張が続くと心臓に負担が。,母性的で世話好き、インスピレーションに恵まれたあなたは、恋愛に対しても、何よりもフィーリングを優先するタイプです。ただ、「自分のものにしたい」といった独占欲に苦しむことが多く、恋人が生活の中心になる傾向も。相手の行動に干渉しすぎないように注意しましょう。また、自分だけで判断せずに、相手の話は最後まで聴きましょう。気が乗らないと、ろくすっぽ返事もしない態度は、衰運を招くことになるので注意して。,あれこれと思い悩まないこと。感受性が細やかで、自由気ままな感性と柔軟な考えができるだけに、突然に考えが変わって周囲を振り回してしまいがちに。オピニオンリーダー的な見識人との交流や集まりに出向きましょう。その中で、様々な人の能力を見聴きすれば、物事の本質を見通す優れた判断力が身につくでしょう。また、思い悩んで負の連鎖を膨らませず、ポジティブな思考に切り替えることができると、持ち前の鋭い不思議なカンが活きて運気上昇になるでしょう。,楽天的で親しみやすく、好奇心旺,豊かな感受性を持ち、人にやさし,インスピレーションに恵まれたあ,鼻炎や骨折に注意。日頃から風邪,母性的で世話好き、インスピレー,あれこれと思い悩まないこと。感
23,柳宿,りゅうしゅく,一見は穏やかで家庭的な温厚タイプに見えます。しかし、内面は激しく奥深い感情とミステリアスな魅力が混在している人です。そして、強さと、しなやかさ、激情的な面も。その気位が高く、気性の激しい面が出てくると、落ち着きを見失うことに。執着心がありますが、興味の対象がいつの間にかコロコロ変化する気分屋な部分も見て取れます。しかし、頭の回転と人の心を読み取るスベに長けていて交渉上手な面が光ります。また、鋭敏な理論を持ち、強い意志と向上心で、我が道を進みます。心の繋がりを大切にして、優しい心配りで人を和ませながら、身内や仲間を大切にしていくでしょう。,親しみやすく、奉仕の精神が備わっています。快適でくつろげる住空間を造りだす役割があり、母性、包容力を活かせる分野に向いています。また、「交渉運」を持つあなたは、コミュニケーションやコラボレーションが必要な接客業・衣食住・サービス業全般に適性があります。専門性を活かす、弁護士・政治家・ジャーナリストも吉。,もっとも財産運に恵まれているあなたは、不思議なツキの力でお金が集まってくる傾向があるようです。反面、お金に敏感になって打算的な面が露出すると、財布の紐を緩めたがらないときも。そんなときは、ささやかな気持ちを形にしてお返しすることで、持っている運がさらに上昇します。ただ、一つのことに夢中になりすぎて、有効的な時間を無駄につかうことも多いでしょう。それゆえ、巧みに時間を使いこなす人物と交流すれば、活きたお金の使いかたが身について、仲間もお金も殖やすことができるでしょう。,疲れが歯の疾患として表面化する傾向が。自分が思っているほど丈夫ではないのに、暴飲暴食が原因で、肝臓・消化器系・糖尿病を引き起こしがち。感情の起伏が激しく、ストレスを溜め込むと、血圧・心臓に負担をかけたり、脳溢血など重病を患うことにも。女性は、子宮などの生殖器系の病気も心配です。,相手の心を読み解くことが抜群なあなたは、セックスアピールも持ち合わせているので異性にモテるタイプです。ただ、飽きっぽくって持続力がない一面があり、新しい刺激ばかり求めたり、刹那的な快楽にふけったり、中途半端な恋愛を繰り返す傾向が。献身的な優しさで相手を包み込む包容力があり、心の内側を読み取ろうとするスベに長けているので、相手の中身をじっくり見据えることが大事です。,有効な時間の使い方を習慣づけること。あれこれ手をつけ過ぎずにすることが能力アップの秘訣。好きこそ物の上手なれで、幅広く手を出すより、専門的なスキルを身に付けることが得策。あなたは、温かく受容的に人を受け入れながら、しなやかな対応を得意とする交渉術に長けています。そのことから、大きなチャンスや人との絆が深まり、そのコミュニケーション術が運気アップの引き金になるでしょう。,一見は穏やかで家庭的な温厚タイ,親しみやすく、奉仕の精神が備わ,もっとも財産運に恵まれているあ,疲れが歯の疾患として表面化する,相手の心を読み解くことが抜群な,有効な時間の使い方を習慣づける
24,星宿,せいしゅく,芯の強いたくましさと、妥協知らずの義理堅い親分肌の気質を持ち、神聖なものを愛する深い精神性が宿った人です。そして、夜空に輝く満天の光を放つオーラを漂わせています。人情味にあふれ非常に面倒見が良いですが、人に頭を下げることが苦手で誤解されやすく、反感を買ってしまう面もあるでしょう。しかしエネルギッシュに良く働き、規制概念にとらわれない反骨精神の強さがあります。また、必要とあれば苦言を提示する事も厭わない、堂々とした態度も目にうつります。どんなに時間がかかっても夢や理想、さらに、目標に向かって邁進し、必ずや実現させる強さを持ち合わせています。,実力で勝負する世界や創造性と活動力を要求される業界に向いています。 縁の下の力持ち的な役割があり、大変な勉強家なので、個性を活かせる分野で頭角を表します。不動産関係、建築関係に適性があります。芸能界・マスコミ関係・広告関係・自営業に吉。実力勝負の、研究職・政治的活動も得策。,もっとも強い不動産運の持ち主であるあなたは、何かをしなくても不動産を手に入れたり、頼りになる人物にも恵まれます。しかし、スリリングな展開を好むところがあるので、かなりの資金を費やして株を購入したり、または、ギャンブルにはまってしまうことも。お金に関しては、押しの強い面は極力抑え、増財には慎重で確実な方法を選ぶことが大切。権力に媚びないリーダー的な人物と交流を深めることが金運のきっかけとなるでしょう。,健康に恵まれ、体のメンテナンスに気をつけていれば長寿を全うする持ち主。しかし、ワーカホリックになる傾向なので、しつこい肩や首のコリは、高血圧・動脈硬化・血行障害・脳梗塞など重大な疾患の引き金に。咽頭炎・声帯ポリープ・ムチウチなど、首にまつわる病気に注意して。,熱烈な恋愛を好むあなたは、常に自分が主役であることを望みます。あなたの恋愛遍歴は、まるで映画をみているかのようにとてもドラマティックです。好き嫌いが激しく、相手を支配したいという欲求が強いので、真剣に自分の欲望を異性にぶつけるでしょう。浮気や遊びの恋はできず、ときには異性を疲れさせてしまうことも。そして、理想が高いことを自覚しましょう。勝手に熱くなって舞い上がったり、自分の欲求ばかり優先するなど、相手不在の恋に陥らないようにして。時間をかけてお互いの愛情を深めましょう。,豊かなサービス精神を発揮すること。信頼した仲間に手厚く接する使命感とリーダーシップ力に長けているので、まばゆい才能は鮮明な輝きを放ちます。大きな力を持つ権力者の後ろ盾を得ると何事もコンスタントに。理想と夢に向かって、持ち前の創造性、指導力、統率力を思う存分発揮できれば、素晴らしい人生を手に入れることができるでしょう。,芯の強いたくましさと、妥協知ら,実力で勝負する世界や創造性と活,もっとも強い不動産運の持ち主で,健康に恵まれ、体のメンテナンス,熱烈な恋愛を好むあなたは、常に,豊かなサービス精神を発揮するこ
25,張宿,ちょうしゅく,ドラマティックな生命力にあふれ、華がありゴージャス。細かいことにはこだわらない豪快な人です。そして、堂々と自分を主張し、その大胆で素直な振る舞いは、どこにいても主役の存在を醸し出します。ときに、有頂天になりすぎて、周りに与える影響を顧みず、暴君的な振る舞いが、周囲を巻き込み騒動を引き起こしてしまうことも。しかし、自己表現力や独特のトーク術に優れ、常にエネルギッシュで人を束ねる統率力も持ち合わせています。また、ここ一番の勝負運も強く、褒め称えられたり、持ち上げられると俄然頑張るでしょう。,計画したことは必ず実行に移し、創作活動に抜群の才覚を発揮します。社会の中で勝ち抜いていける能力があるので、リーダーとしての役割があります。人から注目を集める分野の仕事に向いています。人を集める能力があり、自己アピールが上手なので、クリエイティブな表現を通して、社会的な成功と栄光を手に入れる運の持ち主です。芸能関係・スポーツ界・政治界・プロデュース＆ディレクション業務など、実力で勝負する世界に適性があります。また、大衆的なものや娯楽といったエンターテイメント業界も吉。,もっとも強い援助運を持つあなたは、周囲に気を配り人の面倒を良く見て、気前の良さを心がけることで人との結びつきがより強くなります。運にしても財産にしても、人に引き立てられ人から受け継いで行くタイプです。それゆえ、人と関わらない一人ギャンブルなどは衰運を招くので注意が必要。また、率直な言動と大胆な振る舞いが隠せないので、あなたを理解してくれる知的で穏やかな人と交流することで持っている金運がさらにアップするでしょう。,人目を気にするあまり、常に緊張感が張りつめてしまい頑固な肩こり体質になっています。基本的には長寿ですが、自分の体力を過信する傾向があり、血行障害からくる高血圧・高脂血症などの生活習慣病に注意。また、中年以降に体調を患うリスクが高いので、動脈硬化・くも膜下・心臓病などに注意が必要。,自分を飾る術に長け、贅沢が似合うあなたは、こせこせとした恋愛には縁がなく、劇的で刺激的な愛を好む傾向があります。また、ヒロイン願望が強く、多くの異性の注目を浴びチヤホヤされることで、その魅力を倍増していくでしょう。プレゼントやデートの内容で相手を測る癖があるので、その点には注意して。また、支配欲を抑えて多角的な視点を持つことも必要。相手の考えを受け入れ、自分にとって大切な人には十分な配慮を心がけましょう。,自分の魅力を表現すること。どんなときでも堂々と、自信を持って主張できるあなたなので、人から見られている意識を持って、内面も外面もさらに磨きをかけることが大事。ひかり輝くように自分を表現することで、周囲からの賞賛を得られ、賛美の声を聴くことができます。そうすると、多くの人から有形無形のサポートを得て、輝きが増して運気も倍増するでしょう。,ドラマティックな生命力にあふれ,計画したことは必ず実行に移し、,もっとも強い援助運を持つあなた,人目を気にするあまり、常に緊張,自分を飾る術に長け、贅沢が似合,自分の魅力を表現すること。どん
26,翼宿,よくしゅく,物事の本質を見抜き正義感と強い意志で信念を貫きとおします。遠い処に飛んで行く、羽ばたく強さとやり抜く自信を持っています。コツコツと積み上げられた風格と威厳が備わり、我慢強くゆっくりペースで進める頑固一徹が、ときに、強引でワンマンに見えるでしょう。海外に縁があり、もともと才能に恵まれ音楽や映画、華やかなものが大好きなエンターテイメント性も備わっています。また、スケールの大きい理想を夢見る部分と、現実の歯車が合わず葛藤し、どうでもいいようなことに労力を費やしてしまうことも。,人目を引く存在感と、物怖じしない度胸があるため社会の中で勝ち抜いていけるでしょう。着々と堅実に目標を実現させ、緻密な頭脳プレイの持ち主です。プランニング業・コンサルタント業・教育関係・出版関係・医療衛生・看護士・薬剤師・秘書に適性があります。「海外運」を生かすのであれば貿易関係・翻訳・語学関係も適職です。交通機関・情報関係も吉。,好奇心旺盛なあなたは、お金よりも自分に興味をもつことが優先され、自分がどれだけの成長と達成感を得ることができるかを重視する傾向が。そんな訳で、お金のこととなると割合に無頓着で興味のあることだけに使いすぎるようです。また、意欲的に仕事に取組む、完璧を目指す姿勢はあなたの美徳ですが、ときには、情緒豊かな人物との交流が大事です。相手の会話術を取り入れると人間関係が円滑になって、人脈も広がり自分の成長と金運上昇にもつながっていくでしょう。,不慮の事故による肩の脱臼などに注意が必要。無理を重ねると、肩こりに悩まされ、疲労や精神的なストレスが元になって動脈硬化・高血圧や血行障害からくる心臓病を患いやすくなる他、肝臓・すい臓・胃腸などにポリープや腫瘍が出来てしまう危険もあります。定期的な健診を忘れずに。,しなやかで若々しいあなたは、異性からの憧れの的になりやすくモテるタイプです。ときとして、外堀を埋めてから行動に移す冷静な面があります。しかし、ひとたび恋愛に発展すると支配的傾向が。愛する人の些細な欠点に目くじらを立てたり、行動に注文をつけたりしないこと。また、恋愛に対して、気恥しさが働いてしまいがちなので、素直な気持ちで接しましょう。年下の異性のほうが気軽に付き合えて意外と上手くいく暗示が。,想像力を思う存分に働かせること。自分の理想を追い求め、自分のなりたい人物像を心の中に保ち続ければ、イメージ通りの人生に。物づくりなどクリエイティブな活動も運気の底上げになります。そうしたことが感性を刺激して、新たなチャンスへとつながるでしょう。また、恵まれた才能を活かし、人を束ねていく統率力を発揮することも大切です。,物事の本質を見抜き正義感と強い,人目を引く存在感と、物怖じしな,好奇心旺盛なあなたは、お金より,不慮の事故による肩の脱臼などに,しなやかで若々しいあなたは、異,想像力を思う存分に働かせること
27,軫宿,しんしゅく,静寂さを秘めた気配りでどこか落ち着きのあるムードを醸し出し、精神性が強く、純真な心の持ち主です。そして、「軫」の字から連想される車のように、どんな事もスピーディーに、物事を進める能力があり、頭の回転も早く、臨機応変に対応します。会話術もあり、社交的に振る舞う行動力もありますが、ときに、批判力がありすぎる面も。しかし、細かい事に良く気づき、何事も器用にテキパキとこなし、縁の下の力持ち的存在になる事も。また、物事を徹底的に分析したり解析する真理を探究する力が備わっています。,緻密な思考と冷静な判断力で人生の設計図を正確に描く能力があります。奉仕の精神と実務能力を活かせる仕事に向いています。情報処理能力に優れる「社交運」と物を遠くに運ぶ「海外運」の持ち主です。プランニング業・教育関係・出版関係・コンサルタント・秘書・執筆業、通信・情報関係・交通機関・旅行関係に適性があります。女性の気持ちを掴む、美容業界・ファッション業界も吉。,きちんとしたあなたは、家計簿を使うなど優れた分析力で手堅い面が見られます。決して、過剰なしまりやではなく、人への感謝を形にしてさりげないプレゼントや気遣いも良識的。ただし、執着心があるのでギャンブルは関わらないほうが。さらに、どんなに親密な仲であっても金銭の貸借は回避が無難です。何事においても正確ですが、燃えるような野望で引っ張ってくれる人物との交流で、眠っていた新たな技量が見いだされ金運が上昇するでしょう。,指先のケガや手荒れには注意が必要です。知らない間にたまった疲れやストレスから免疫力が落ち、風邪やウイルス性の感染症・神経性胃炎・腸内のポリープ・不眠症など用心しましょう。女性は生理不順や婦人病全般など、体のあちこちに症状としてあらわれてしまう傾向が。,心の底から溢れ出る愛情を恋の場面で表現したいと願うあなたは、恋をせずには生きてはいけないタイプです。社交的で、清楚な雰囲気を備えたフェミニンなあなたは、好きな相手には甲斐甲斐しくサポートしますが、湧き出る愛情を一人の相手にだけ注ぐのは苦手。また、嫉妬がもとで自分からややこしい三角関係を作ってしまうことも。双方の理解が深まるまでは、はやる気持ちを抑えることが大事です。ターゲットをひとつに絞って細やかな気遣いを心がけ、相手の要求や欲望を満たしてあげることに専念しましょう。,物事を深読みし過ぎないこと。それには、最先端の情報をキャッチし続けることです。繊細で鋭い感受性を持ち合わせているあなたですが、もうひとつ、野望に燃える気持ちを持つことが開運の秘訣です。そして、向上心を失わずに、好奇心を持ち続けていることで、秘められた新たな才能が開花していくはず。それが引き金となって運気がアップしていくでしょう。,静寂さを秘めた気配りでどこか落,緻密な思考と冷静な判断力で人生,きちんとしたあなたは、家計簿を,指先のケガや手荒れには注意が必,心の底から溢れ出る愛情を恋の場,物事を深読みし過ぎないこと。そ
